year,month,channel,metric,predicted_value,lower_bound,upper_bound,ds
2026,1,AI Traffic,avg_session_duration,280.2247922202114,-97.91972312768875,660.9949711181829,2026-01-01
2026,2,AI Traffic,avg_session_duration,286.6873053617655,-120.2869420769501,693.3114624546289,2026-02-01
2026,3,AI Traffic,avg_session_duration,292.52441400574975,-95.14658734704653,702.5794216121899,2026-03-01
2026,4,AI Traffic,avg_session_duration,298.98692714730385,-93.08806737429794,694.7176718839986,2026-04-01
2026,5,AI Traffic,avg_session_duration,305.2409721230013,-56.40613271863529,671.9460935266504,2026-05-01
2026,6,AI Traffic,avg_session_duration,311.70348526455547,-50.70869510605426,679.1406890275921,2026-06-01
2026,7,AI Traffic,avg_session_duration,317.9575302402529,-43.03350855057495,703.0574558639939,2026-07-01
2026,8,AI Traffic,avg_session_duration,324.420043381807,-61.34298673466973,691.9624598780396,2026-08-01
2026,9,AI Traffic,avg_session_duration,330.8825565233611,-60.88734907555427,719.3756182510444,2026-09-01
2026,10,AI Traffic,avg_session_duration,337.1366014990586,-57.1829297831882,728.1381045870236,2026-10-01
2026,11,AI Traffic,avg_session_duration,343.59911464061264,-61.615247886821784,740.2618001692905,2026-11-01
2026,1,AI Traffic,bounce_rate,31.981650270876344,16.708091804576544,49.307342011042394,2026-01-01
2026,2,AI Traffic,bounce_rate,33.83063375750246,19.545840084533943,49.56690152789056,2026-02-01
2026,3,AI Traffic,bounce_rate,35.50068335832606,18.33450942579012,51.573439171875485,2026-03-01
2026,4,AI Traffic,bounce_rate,37.34966684495217,22.27268727603093,53.68040842901457,2026-04-01
2026,5,AI Traffic,bounce_rate,39.13900570297746,23.206566496487206,55.463694691372766,2026-05-01
2026,6,AI Traffic,bounce_rate,40.987989189603574,24.610259414373623,58.55491632568797,2026-06-01
2026,7,AI Traffic,bounce_rate,42.77732804762885,25.506798902228024,58.80362667561565,2026-07-01
2026,8,AI Traffic,bounce_rate,44.62631153425497,28.70569794914492,60.941668960090226,2026-08-01
2026,9,AI Traffic,bounce_rate,46.47529502088109,30.532160138839316,62.40429373274025,2026-09-01
2026,10,AI Traffic,bounce_rate,48.264633878906366,32.5387796105173,64.56380763169322,2026-10-01
2026,11,AI Traffic,bounce_rate,50.113617365532484,34.65104616786749,66.04703504782974,2026-11-01
2026,1,AI Traffic,sessions,373.31434407035084,274.80677706263515,476.197859770324,2026-01-01
2026,2,AI Traffic,sessions,391.48536077701533,290.1049225335247,491.86728383803245,2026-02-01
2026,3,AI Traffic,sessions,407.8978919959381,308.6170065975446,512.5199361295832,2026-03-01
2026,4,AI Traffic,sessions,426.0689087026025,326.52814448603203,523.0812362195994,2026-04-01
2026,5,AI Traffic,sessions,443.6537635800198,347.781890186228,543.8019301976348,2026-05-01
2026,6,AI Traffic,sessions,461.82478028668436,359.53214056424105,563.2662230727383,2026-06-01
2026,7,AI Traffic,sessions,479.40963516410153,377.33057129714746,572.1873226252835,2026-07-01
2026,8,AI Traffic,sessions,497.5806518707661,397.14943679672365,602.569931514756,2026-08-01
2026,9,AI Traffic,sessions,515.7516685774306,415.7863015672649,623.89754681733,2026-09-01
2026,10,AI Traffic,sessions,533.3365234548479,425.54455730525376,631.9032770298807,2026-10-01
2026,11,AI Traffic,sessions,551.5075401615123,450.3881635895408,657.4070670829593,2026-11-01
2026,1,AI Traffic,views_per_session,1.5517029961327844,1.3575537919066833,1.772168384064178,2026-01-01
2026,2,AI Traffic,views_per_session,1.5565483250874332,1.342301459227554,1.76031971845399,2026-02-01
2026,3,AI Traffic,views_per_session,1.5609247512400195,1.3567727209418259,1.775368748722577,2026-03-01
2026,4,AI Traffic,views_per_session,1.5657700801946683,1.381685603783659,1.7749694767480224,2026-04-01
2026,5,AI Traffic,views_per_session,1.5704591082152963,1.36793949116252,1.792690377815019,2026-05-01
2026,6,AI Traffic,views_per_session,1.5753044371699452,1.3574636052927411,1.7934439932357775,2026-06-01
2026,7,AI Traffic,views_per_session,1.5799934651905734,1.3878232194572202,1.794037335834015,2026-07-01
2026,8,AI Traffic,views_per_session,1.5848387941452222,1.3756253010520414,1.7995453557444503,2026-08-01
2026,9,AI Traffic,views_per_session,1.589684123099871,1.3906431872463492,1.7885442869700607,2026-09-01
2026,10,AI Traffic,views_per_session,1.5943731511204993,1.386331586611881,1.801389644025187,2026-10-01
2026,11,AI Traffic,views_per_session,1.599218480075148,1.386156088700348,1.8130390741192801,2026-11-01
2026,1,Direct,avg_session_duration,86.17506750627489,-1.731534685801166,169.97351048142536,2026-01-01
2026,2,Direct,avg_session_duration,81.96743645237359,-2.708901624960382,165.16778004505065,2026-02-01
2026,3,Direct,avg_session_duration,78.16699550046273,-4.550617080838133,155.16830811351068,2026-03-01
2026,4,Direct,avg_session_duration,73.95936444656145,-12.265096627123299,150.67365455125272,2026-04-01
2026,5,Direct,avg_session_duration,69.88746342665698,-9.833150166600682,152.75811794659592,2026-05-01
2026,6,Direct,avg_session_duration,65.67983237275567,-12.539301727910871,144.90760618827866,2026-06-01
2026,7,Direct,avg_session_duration,61.6079313528512,-18.246054713788936,145.25066735532474,2026-07-01
2026,8,Direct,avg_session_duration,57.40030029894992,-31.735808917658503,142.64855190277996,2026-08-01
2026,9,Direct,avg_session_duration,53.19266924504863,-29.785651349941837,135.76976895044967,2026-09-01
2026,10,Direct,avg_session_duration,49.12076822514414,-28.579984828102802,130.7935880310653,2026-10-01
2026,11,Direct,avg_session_duration,44.91313717124286,-38.15585567297919,125.3198764073252,2026-11-01
2026,1,Direct,bounce_rate,56.032089913872085,19.019258140488173,94.51581462424164,2026-01-01
2026,2,Direct,bounce_rate,58.911581075946614,21.59750083159756,97.7192795030998,2026-02-01
2026,3,Direct,bounce_rate,61.51241180298166,22.798747511921942,96.96417966486506,2026-03-01
2026,4,Direct,bounce_rate,64.39190296505619,25.48157866697952,101.48345701409228,2026-04-01
2026,5,Direct,bounce_rate,67.17850731545089,32.74808756580355,103.16030142535537,2026-05-01
2026,6,Direct,bounce_rate,70.0579984775254,33.44848239056565,107.61388594905769,2026-06-01
2026,7,Direct,bounce_rate,72.8446028279201,36.36358751455411,109.34104796487537,2026-07-01
2026,8,Direct,bounce_rate,75.72409398999463,36.93705461696888,113.47881821827522,2026-08-01
2026,9,Direct,bounce_rate,78.60358515206914,40.05163554066505,114.27801860007165,2026-09-01
2026,10,Direct,bounce_rate,81.39018950246384,43.607937954624475,120.32189629555394,2026-10-01
2026,11,Direct,bounce_rate,84.26968066453836,45.68589967394606,122.3931257560053,2026-11-01
2026,1,Direct,sessions,78068.13246715633,9798.122935725778,159558.86225266955,2026-01-01
2026,2,Direct,sessions,78618.39753494924,3702.9271241433303,154246.82937855483,2026-02-01
2026,3,Direct,sessions,79115.41114456863,4232.541714434347,155858.45768323913,2026-03-01
2026,4,Direct,sessions,79665.67621236155,8013.976195333016,152437.61104106595,2026-04-01
2026,5,Direct,sessions,80198.19079409662,5596.078572420699,149257.84528636374,2026-05-01
2026,6,Direct,sessions,80748.45586188954,5878.944100065563,151144.05924906218,2026-06-01
2026,7,Direct,sessions,81280.97044362461,6376.135478623295,155069.44146478057,2026-07-01
2026,8,Direct,sessions,81831.23551141753,7118.047409937456,148885.05761036155,2026-08-01
2026,9,Direct,sessions,82381.50057921043,6105.693443569856,154820.42926590532,2026-09-01
2026,10,Direct,sessions,82914.0151609455,10149.762432785838,155295.86513908184,2026-10-01
2026,11,Direct,sessions,83464.28022873841,11499.853535675413,155150.4154168657,2026-11-01
2026,1,Direct,views_per_session,0.7790903453696457,0.3572301712417985,1.1722806123423142,2026-01-01
2026,2,Direct,views_per_session,0.7100408724637828,0.3398598255992001,1.1061195488474822,2026-02-01
2026,3,Direct,views_per_session,0.6476736066133261,0.25349980287215507,1.0497044561227071,2026-03-01
2026,4,Direct,views_per_session,0.5786241337074631,0.1724723247917043,0.9623608841432231,2026-04-01
2026,5,Direct,views_per_session,0.5118020631534022,0.12183952369845019,0.9271998454906241,2026-05-01
2026,6,Direct,views_per_session,0.4427525902475392,0.04466604219520482,0.8244662055567329,2026-06-01
2026,7,Direct,views_per_session,0.37593051969347846,-0.03696473231821452,0.764633737616196,2026-07-01
2026,8,Direct,views_per_session,0.3068810467876155,-0.06241539107895233,0.6882703155348165,2026-08-01
2026,9,Direct,views_per_session,0.2378315738817526,-0.14361013600525618,0.6754342020809145,2026-09-01
2026,10,Direct,views_per_session,0.17100950332769163,-0.2179058285713547,0.5393208440896021,2026-10-01
2026,11,Direct,views_per_session,0.10196003042182893,-0.26749317726124333,0.5008240055415958,2026-11-01
2026,1,Email,avg_session_duration,23.607328310647755,-247.75048328070937,296.95396444903736,2026-01-01
2026,2,Email,avg_session_duration,4.1035819044022865,-268.6514637331424,266.43354337842334,2026-02-01
2026,3,Email,avg_session_duration,-13.512705172206571,-297.27047531074203,234.7652549005735,2026-03-01
2026,4,Email,avg_session_duration,-33.01645157845207,-286.54497426666006,228.66804717800989,2026-04-01
2026,5,Email,avg_session_duration,-51.89104487481873,-331.11233494895396,219.70118333908633,2026-05-01
2026,6,Email,avg_session_duration,-71.39479128106417,-374.04324141188965,203.77508373625784,2026-06-01
2026,7,Email,avg_session_duration,-90.26938457743083,-363.75693359969375,181.49654548946697,2026-07-01
2026,8,Email,avg_session_duration,-109.77313098367632,-383.1695377413725,178.02073963098,2026-08-01
2026,9,Email,avg_session_duration,-129.27687738992182,-409.18186614400395,139.0211567659835,2026-09-01
2026,10,Email,avg_session_duration,-148.1514706862885,-421.3803776095758,136.48694809347464,2026-10-01
2026,11,Email,avg_session_duration,-167.65521709253397,-435.1255534182194,119.84275905911551,2026-11-01
2026,1,Email,bounce_rate,82.9582435734523,38.3009353005842,126.25609515517291,2026-01-01
2026,2,Email,bounce_rate,88.65893632267847,47.27405558967766,130.48261475960993,2026-02-01
2026,3,Email,bounce_rate,93.80794912843118,53.12723681832756,136.1663547890122,2026-03-01
2026,4,Email,bounce_rate,99.50864187765738,58.335633143715945,142.126907286065,2026-04-01
2026,5,Email,bounce_rate,105.0254413123924,63.12102341511897,146.68426240336234,2026-05-01
2026,6,Email,bounce_rate,110.7261340616186,69.03616055512308,148.27599301721887,2026-06-01
2026,7,Email,bounce_rate,116.24293349635361,72.78223717815946,160.48180034059826,2026-07-01
2026,8,Email,bounce_rate,121.94362624557982,80.60382685857614,164.24676244558444,2026-08-01
2026,9,Email,bounce_rate,127.64431899480604,85.16856198884288,167.34860211102625,2026-09-01
2026,10,Email,bounce_rate,133.16111842954106,91.0490755826216,173.12580698052687,2026-10-01
2026,11,Email,bounce_rate,138.86181117876725,98.0434444985798,179.39385265472077,2026-11-01
2026,1,Email,sessions,40.87592224061708,-102.99159236100922,177.7790707226413,2026-01-01
2026,2,Email,sessions,34.84040013078289,-103.86856715998513,177.48626255500838,2026-02-01
2026,3,Email,sessions,29.38896080577135,-116.60353739006005,171.2156604130417,2026-03-01
2026,4,Email,sessions,23.353438695937147,-120.5208082583295,163.95899933433103,2026-04-01
2026,5,Email,sessions,17.512610847710505,-117.91563550449307,164.70657313150556,2026-05-01
2026,6,Email,sessions,11.477088737876317,-134.64252234250628,149.3730696756394,2026-06-01
2026,7,Email,sessions,5.636260889649673,-129.2777437879891,147.74604053933635,2026-07-01
2026,8,Email,sessions,-0.39926122018452864,-142.42005766337752,143.88097602749323,2026-08-01
2026,9,Email,sessions,-6.434783330018731,-157.943831188881,145.3464904545763,2026-09-01
2026,10,Email,sessions,-12.275611178245374,-148.32378128720012,134.91370937047654,2026-10-01
2026,11,Email,sessions,-18.311133288079574,-161.16557456661593,132.69516191212392,2026-11-01
2026,1,Email,views_per_session,-0.5175337902805335,-3.520576700582487,2.3139706786794316,2026-01-01
2026,2,Email,views_per_session,-0.8699205445123321,-3.6043625585571584,1.8546701399364331,2026-02-01
2026,3,Email,views_per_session,-1.1882053547862153,-3.9218274227835077,1.6038219369328215,2026-03-01
2026,4,Email,views_per_session,-1.5405921090180141,-4.340803174901361,1.1793933408629718,2026-04-01
2026,5,Email,views_per_session,-1.8816115485971745,-4.805944984781214,1.0323772753137523,2026-05-01
2026,6,Email,views_per_session,-2.2339983028289727,-5.1935096886562535,0.6546758510184338,2026-06-01
2026,7,Email,views_per_session,-2.575017742408133,-5.434617961808524,0.2646020595945116,2026-07-01
2026,8,Email,views_per_session,-2.927404496639932,-5.564777787746831,-0.036258845801907365,2026-08-01
2026,9,Email,views_per_session,-3.2797912508717304,-5.838840330592439,-0.18460424124840832,2026-09-01
2026,10,Email,views_per_session,-3.6208106904508917,-6.236373544675056,-0.654919715407247,2026-10-01
2026,11,Email,views_per_session,-3.9731974446826896,-6.785081706122245,-1.1248824334017002,2026-11-01
2026,1,Organic Search,avg_session_duration,216.9592760222093,199.0675871715619,234.3925943501226,2026-01-01
2026,2,Organic Search,avg_session_duration,215.9796181953128,198.38636836348007,232.0528452033935,2026-02-01
2026,3,Organic Search,avg_session_duration,215.09476596456756,196.59049823072414,232.77920841421724,2026-03-01
2026,4,Organic Search,avg_session_duration,214.11510813767106,197.20778569366692,231.38235595044242,2026-04-01
2026,5,Organic Search,avg_session_duration,213.1670521761583,195.62852400341222,229.50160857442333,2026-05-01
2026,6,Organic Search,avg_session_duration,212.18739434926178,194.34521735304892,230.09613557333503,2026-06-01
2026,7,Organic Search,avg_session_duration,211.23933838774903,192.7594456373213,228.93558769618127,2026-07-01
2026,8,Organic Search,avg_session_duration,210.25968056085253,192.44681328953408,229.75286957398913,2026-08-01
2026,9,Organic Search,avg_session_duration,209.28002273395603,190.8229469239711,227.0773493593404,2026-09-01
2026,10,Organic Search,avg_session_duration,208.33196677244325,191.34294849116205,224.93105784986378,2026-10-01
2026,11,Organic Search,avg_session_duration,207.35230894554675,189.37786456559957,226.87982053723775,2026-11-01
2026,1,Organic Search,bounce_rate,28.183242225635507,19.639314546017083,36.576689408265466,2026-01-01
2026,2,Organic Search,bounce_rate,29.883270765556322,21.31404531210045,39.642740631409175,2026-02-01
2026,3,Organic Search,bounce_rate,31.418780414517062,22.61463842319513,40.03103915264816,2026-03-01
2026,4,Organic Search,bounce_rate,33.11880895443788,24.39741674850081,41.7598264240566,2026-04-01
2026,5,Organic Search,bounce_rate,34.76399786403868,25.41819896738243,43.95094550006993,2026-05-01
2026,6,Organic Search,bounce_rate,36.464026403959494,27.664702136648057,45.9601693339661,2026-06-01
2026,7,Organic Search,bounce_rate,38.109215313560284,29.421628218616355,47.24331182965926,2026-07-01
2026,8,Organic Search,bounce_rate,39.80924385348111,30.845379858482804,49.257554944686866,2026-08-01
2026,9,Organic Search,bounce_rate,41.50927239340192,33.27671490569548,50.60733472522854,2026-09-01
2026,10,Organic Search,bounce_rate,43.15446130300271,34.144695439882064,51.51244768406751,2026-10-01
2026,11,Organic Search,bounce_rate,44.85448984292353,35.984349804740496,53.63862759025036,2026-11-01
2026,1,Organic Search,sessions,55954.85597888432,39967.826238043555,71968.46667559048,2026-01-01
2026,2,Organic Search,sessions,53149.23627183455,37602.72123188686,68874.12194282308,2026-02-01
2026,3,Organic Search,sessions,50615.12814933798,35416.419529137136,66993.58929860288,2026-03-01
2026,4,Organic Search,sessions,47809.508442288214,32889.371974526126,62393.81038291215,2026-04-01
2026,5,Organic Search,sessions,45094.39259675617,29557.321197194793,59637.86491846452,2026-05-01
2026,6,Organic Search,sessions,42288.7728897064,27181.295127472353,57436.60766961515,2026-06-01
2026,7,Organic Search,sessions,39573.65704417437,23291.425846147427,55291.646561121546,2026-07-01
2026,8,Organic Search,sessions,36768.0373371246,21321.706073912643,52934.58999986329,2026-08-01
2026,9,Organic Search,sessions,33962.41763007483,18200.070668652843,49090.067805106904,2026-09-01
2026,10,Organic Search,sessions,31247.30178454279,14995.164287294896,46853.894188582635,2026-10-01
2026,11,Organic Search,sessions,28441.682077493017,11648.805069865179,42507.519882634304,2026-11-01
2026,1,Organic Search,views_per_session,1.707060191170789,1.6469070275366422,1.7674596321795697,2026-01-01
2026,2,Organic Search,views_per_session,1.6998402804151365,1.641350967292715,1.7652477392109251,2026-02-01
2026,3,Organic Search,views_per_session,1.6933190707003534,1.6247275647231518,1.7587606435830159,2026-03-01
2026,4,Organic Search,views_per_session,1.6860991599447006,1.615443411152541,1.7582416793438775,2026-04-01
2026,5,Organic Search,views_per_session,1.6791121495360044,1.6015946554337643,1.7562459870494458,2026-05-01
2026,6,Organic Search,views_per_session,1.6718922387803516,1.5884925556477105,1.7542479103835587,2026-06-01
2026,7,Organic Search,views_per_session,1.6649052283716557,1.5727195171774533,1.7611291298569853,2026-07-01
2026,8,Organic Search,views_per_session,1.6576853176160027,1.5554494705809412,1.7626843751455354,2026-08-01
2026,9,Organic Search,views_per_session,1.65046540686035,1.5400637237374863,1.7654921067780265,2026-09-01
2026,10,Organic Search,views_per_session,1.643478396451654,1.516845915933432,1.777271974745139,2026-10-01
2026,11,Organic Search,views_per_session,1.6362584856960012,1.4963579219855014,1.7797524652711934,2026-11-01
2026,1,Organic Shopping,avg_session_duration,7189.068064204333,-3678.5818756753815,17844.56244778457,2026-01-01
2026,2,Organic Shopping,avg_session_duration,7931.511458652749,-2494.9955571400346,18720.18818517627,2026-02-01
2026,3,Organic Shopping,avg_session_duration,8602.105492348093,-1270.8600884637765,19436.954397198697,2026-03-01
2026,4,Organic Shopping,avg_session_duration,9344.548886796509,-1698.4999573696157,20102.08703790032,2026-04-01
2026,5,Organic Shopping,avg_session_duration,10063.042494327234,449.80324180722266,20622.05491488067,2026-05-01
2026,6,Organic Shopping,avg_session_duration,10805.48588877565,221.79438293949818,20797.78730134464,2026-06-01
2026,7,Organic Shopping,avg_session_duration,11523.979496306378,880.8706353463758,22117.354126753,2026-07-01
2026,8,Organic Shopping,avg_session_duration,12266.422890754793,1543.5975026815297,22788.8929452382,2026-08-01
2026,9,Organic Shopping,avg_session_duration,13008.866285203207,2148.8523110490305,23200.004171758686,2026-09-01
2026,10,Organic Shopping,avg_session_duration,13727.359892733934,3273.833338578663,23648.27995712066,2026-10-01
2026,11,Organic Shopping,avg_session_duration,14469.80328718235,3571.134306530605,25552.494254563528,2026-11-01
2026,1,Organic Shopping,bounce_rate,97.73887067019933,27.53590717597338,168.80850781947646,2026-01-01
2026,2,Organic Shopping,bounce_rate,106.56978844175877,38.98302585320446,174.22527685951815,2026-02-01
2026,3,Organic Shopping,bounce_rate,114.54610126768343,44.14855913063875,184.3825045450044,2026-03-01
2026,4,Organic Shopping,bounce_rate,123.37701903924285,53.66222631458488,188.29632726446098,2026-04-01
2026,5,Organic Shopping,bounce_rate,131.9230684955907,60.366522309082946,201.77020093832627,2026-05-01
2026,6,Organic Shopping,bounce_rate,140.7539862671501,73.01449701730148,203.9607089525379,2026-06-01
2026,7,Organic Shopping,bounce_rate,149.30003572349796,80.07614302839379,216.7478357692433,2026-07-01
2026,8,Organic Shopping,bounce_rate,158.1309534950574,87.9531138956549,224.766973493481,2026-08-01
2026,9,Organic Shopping,bounce_rate,166.96187126661684,100.09902342015276,238.82610237794415,2026-09-01
2026,10,Organic Shopping,bounce_rate,175.50792072296468,108.1052582666075,245.7500270507545,2026-10-01
2026,11,Organic Shopping,bounce_rate,184.33883849452414,112.84385758549945,258.91842546888904,2026-11-01
2026,1,Organic Shopping,sessions,-7.4051230413448135,-16.01040764481883,1.1776858823046705,2026-01-01
2026,2,Organic Shopping,sessions,-10.727643057582114,-18.944016011262267,-2.0178873474970223,2026-02-01
2026,3,Organic Shopping,sessions,-13.728628878699677,-22.905011476311476,-5.489061548271018,2026-03-01
2026,4,Organic Shopping,sessions,-17.05114889493698,-26.444930365036754,-7.866423874571549,2026-04-01
2026,5,Organic Shopping,sessions,-20.266490846134364,-29.659084427716113,-10.43061771418288,2026-05-01
2026,6,Organic Shopping,sessions,-23.589010862371666,-33.11840290438641,-15.01723229241071,2026-06-01
2026,7,Organic Shopping,sessions,-26.804352813569057,-35.469499353164146,-18.269365070595807,2026-07-01
2026,8,Organic Shopping,sessions,-30.126872829806352,-38.760240097406,-21.804419914406584,2026-08-01
2026,9,Organic Shopping,sessions,-33.44939284604365,-42.457050357856055,-24.21666955755363,2026-09-01
2026,10,Organic Shopping,sessions,-36.66473479724104,-45.12942405860071,-28.612447679692323,2026-10-01
2026,11,Organic Shopping,sessions,-39.98725481347835,-48.509653318342984,-30.572150552956067,2026-11-01
2026,1,Organic Shopping,views_per_session,0.5763619728130365,-0.0752990879880676,1.213449498237094,2026-01-01
2026,2,Organic Shopping,views_per_session,0.5330064712042673,-0.105149844225398,1.1422329953607933,2026-02-01
2026,3,Organic Shopping,views_per_session,0.4938466632995724,-0.11572969816368886,1.109739141061689,2026-03-01
2026,4,Organic Shopping,views_per_session,0.45049116169080317,-0.22059311848603938,1.0530498226276763,2026-04-01
2026,5,Organic Shopping,views_per_session,0.40853422465005873,-0.20088697914725542,0.9964096557223395,2026-05-01
2026,6,Organic Shopping,views_per_session,0.3651787230412894,-0.2678617596804956,0.9908737510975286,2026-06-01
2026,7,Organic Shopping,views_per_session,0.32322178600054496,-0.3271799735154985,0.9025556663270646,2026-07-01
2026,8,Organic Shopping,views_per_session,0.27986628439177563,-0.3322476236731727,0.9179449687897816,2026-08-01
2026,9,Organic Shopping,views_per_session,0.23651078278300652,-0.3927344109004556,0.8249695961440034,2026-09-01
2026,10,Organic Shopping,views_per_session,0.19455384574226198,-0.4139112548338619,0.8396748264323844,2026-10-01
2026,11,Organic Shopping,views_per_session,0.15119834413349265,-0.4132355131052593,0.7782160827402583,2026-11-01
2026,1,Organic Social,avg_session_duration,106.08620255643211,11.983651911863445,195.09190878154686,2026-01-01
2026,2,Organic Social,avg_session_duration,105.24563414750452,9.974176758642558,195.49376402530626,2026-02-01
2026,3,Organic Social,avg_session_duration,104.48641106847313,5.954307793881633,196.36503193584818,2026-03-01
2026,4,Organic Social,avg_session_duration,103.64584265954554,13.277611391666204,203.24585510823843,2026-04-01
2026,5,Organic Social,avg_session_duration,102.83238936058335,7.5500135966138755,194.50623774384215,2026-05-01
2026,6,Organic Social,avg_session_duration,101.99182095165575,12.992381918613656,186.88423866174833,2026-06-01
2026,7,Organic Social,avg_session_duration,101.17836765269357,1.7787177006785604,191.24271919124317,2026-07-01
2026,8,Organic Social,avg_session_duration,100.33779924376597,3.0060681053320484,187.04626541884986,2026-08-01
2026,9,Organic Social,avg_session_duration,99.49723083483838,5.191691430484385,194.64317673377334,2026-09-01
2026,10,Organic Social,avg_session_duration,98.68377753587619,3.8127701925291286,196.37350806271795,2026-10-01
2026,11,Organic Social,avg_session_duration,97.8432091269486,5.4959636762681106,199.16171319218827,2026-11-01
2026,1,Organic Social,bounce_rate,50.92671258441899,12.081255759725869,87.31611498779239,2026-01-01
2026,2,Organic Social,bounce_rate,53.54857497055855,13.631116447121341,91.7930314717398,2026-02-01
2026,3,Organic Social,bounce_rate,55.9167087386846,17.95722401751971,96.73381456966665,2026-03-01
2026,4,Organic Social,bounce_rate,58.53857112482416,21.846926467223373,96.4317777395074,2026-04-01
2026,5,Organic Social,bounce_rate,61.07585730495922,23.904654306089924,99.62357935605075,2026-05-01
2026,6,Organic Social,bounce_rate,63.697719691098776,28.151360489884308,101.87796774990566,2026-06-01
2026,7,Organic Social,bounce_rate,66.23500587123382,29.213160174787205,100.82490115174943,2026-07-01
2026,8,Organic Social,bounce_rate,68.85686825737338,30.759032695479828,105.85661607545698,2026-08-01
2026,9,Organic Social,bounce_rate,71.47873064351293,37.83762134791455,108.78342013785064,2026-09-01
2026,10,Organic Social,bounce_rate,74.01601682364799,34.884042206242384,110.91395217113465,2026-10-01
2026,11,Organic Social,bounce_rate,76.63787920978756,38.42053883777026,113.75051208490044,2026-11-01
2026,1,Organic Social,sessions,1816.9425008384517,-2193.3166310263427,5799.370222988983,2026-01-01
2026,2,Organic Social,sessions,1768.1252755412654,-2623.365240010356,5848.086275281253,2026-02-01
2026,3,Organic Social,sessions,1724.032297853484,-2377.1476750588804,5985.326994324078,2026-03-01
2026,4,Organic Social,sessions,1675.2150725562974,-2446.3716505996103,5839.172270319982,2026-04-01
2026,5,Organic Social,sessions,1627.9725964622457,-2818.155703560298,5474.368676209887,2026-05-01
2026,6,Organic Social,sessions,1579.1553711650593,-2431.3374137166074,5648.088334969802,2026-06-01
2026,7,Organic Social,sessions,1531.9128950710076,-2691.802617560696,5723.4421196533085,2026-07-01
2026,8,Organic Social,sessions,1483.0956697738213,-2935.0260506415734,5851.26625131448,2026-08-01
2026,9,Organic Social,sessions,1434.2784444766348,-2657.6112517568185,5786.89568081689,2026-09-01
2026,10,Organic Social,sessions,1387.0359683825832,-2997.707409336357,5188.577980967869,2026-10-01
2026,11,Organic Social,sessions,1338.218743085397,-2972.1244116365606,5371.965158591757,2026-11-01
2026,1,Organic Social,views_per_session,1.1227705145049238,0.5535301239684374,1.7005439743603263,2026-01-01
2026,2,Organic Social,views_per_session,1.0673083374815775,0.5185602469667443,1.6418400347125635,2026-02-01
2026,3,Organic Social,views_per_session,1.0172134679121037,0.440801017928846,1.595484576981662,2026-03-01
2026,4,Organic Social,views_per_session,0.9617512908887573,0.44934398800558967,1.5209567075055348,2026-04-01
2026,5,Organic Social,views_per_session,0.908078216350035,0.33524139523785773,1.503260417221549,2026-05-01
2026,6,Organic Social,views_per_session,0.852616039326689,0.2706703704624498,1.424245612955754,2026-06-01
2026,7,Organic Social,views_per_session,0.7989429647879669,0.2058365941377269,1.3323274413375072,2026-07-01
2026,8,Organic Social,views_per_session,0.7434807877646206,0.18384762024354864,1.2866942477575478,2026-08-01
2026,9,Organic Social,views_per_session,0.6880186107412744,0.1328450321222242,1.259636867167389,2026-09-01
2026,10,Organic Social,views_per_session,0.6343455362025521,0.04759681150759336,1.176234754132067,2026-10-01
2026,11,Organic Social,views_per_session,0.578883359179206,0.043363488752379394,1.1307046150062892,2026-11-01
2026,1,Organic Video,avg_session_duration,196.3626254011259,0.78711254766151,383.50822483579725,2026-01-01
2026,2,Organic Video,avg_session_duration,190.44617350192456,1.384595501766279,386.2159970268667,2026-02-01
2026,3,Organic Video,avg_session_duration,185.1022814639363,-17.1369340977857,381.2756797222094,2026-03-01
2026,4,Organic Video,avg_session_duration,179.18582956473495,-16.18840762524647,371.266839835976,2026-04-01
2026,5,Organic Video,avg_session_duration,173.46023095260463,-17.53076718538385,370.86415483567583,2026-05-01
2026,6,Organic Video,avg_session_duration,167.54377905340328,-20.52921317469849,350.12291253737123,2026-06-01
2026,7,Organic Video,avg_session_duration,161.818180441273,-20.190766152609598,349.989424132349,2026-07-01
2026,8,Organic Video,avg_session_duration,155.90172854207168,-36.185752830842276,352.4264886539727,2026-08-01
2026,9,Organic Video,avg_session_duration,149.98527664287033,-43.56968405352814,350.58256033080636,2026-09-01
2026,10,Organic Video,avg_session_duration,144.25967803074002,-55.351419030325474,342.90647616416453,2026-10-01
2026,11,Organic Video,avg_session_duration,138.34322613153873,-57.43808386892167,339.1633377701532,2026-11-01
2026,1,Organic Video,bounce_rate,40.13914372413463,27.034413740441153,53.06765487422653,2026-01-01
2026,2,Organic Video,bounce_rate,43.09009151672512,30.66650425511001,57.596798962110476,2026-02-01
2026,3,Organic Video,bounce_rate,45.75546371648428,32.960836157233615,59.34259254350977,2026-03-01
2026,4,Organic Video,bounce_rate,48.706411509074776,34.99933010808354,61.3759288497089,2026-04-01
2026,5,Organic Video,bounce_rate,51.56216743738817,38.526802487101925,64.96366517941107,2026-05-01
2026,6,Organic Video,bounce_rate,54.51311522997866,42.176968662912536,67.85163761935455,2026-06-01
2026,7,Organic Video,bounce_rate,57.36887115829205,44.194271239176736,70.53382038313785,2026-07-01
2026,8,Organic Video,bounce_rate,60.31981895088255,47.009076047700965,73.14228279612749,2026-08-01
2026,9,Organic Video,bounce_rate,63.27076674347305,50.29203940740077,77.58534290054395,2026-09-01
2026,10,Organic Video,bounce_rate,66.12652267178643,53.11278291506663,79.22218392923672,2026-10-01
2026,11,Organic Video,bounce_rate,69.07747046437692,56.225250512492146,81.19117001124606,2026-11-01
2026,1,Organic Video,sessions,13.472054613884394,-2.920717824763008,33.305348854297,2026-01-01
2026,2,Organic Video,sessions,10.760605360975527,-7.856599567154129,28.22980245886729,2026-02-01
2026,3,Organic Video,sessions,8.311554422864296,-9.028451533845892,27.082054235016127,2026-03-01
2026,4,Organic Video,sessions,5.6001051699554285,-11.728747423275653,25.525991125576404,2026-04-01
2026,5,Organic Video,sessions,2.976122021979105,-15.082603036986137,21.256335131833957,2026-05-01
2026,6,Organic Video,sessions,0.26467276907023773,-18.68978732832282,18.251748822594326,2026-06-01
2026,7,Organic Video,sessions,-2.3593103789060805,-20.009052799571204,15.458958237231558,2026-07-01
2026,8,Organic Video,sessions,-5.070759631814948,-23.37628743928747,12.881114175480365,2026-08-01
2026,9,Organic Video,sessions,-7.782208884723815,-25.49527598922897,11.289108502945455,2026-09-01
2026,10,Organic Video,sessions,-10.406192032700144,-28.739434330905752,8.895249387858668,2026-10-01
2026,11,Organic Video,sessions,-13.117641285609,-31.908723093968074,6.315127818096149,2026-11-01
2026,1,Organic Video,views_per_session,1.4624958026058665,0.594689146412599,2.2779685158866876,2026-01-01
2026,2,Organic Video,views_per_session,1.4124597698158692,0.574858468429941,2.2591795735192477,2026-02-01
2026,3,Organic Video,views_per_session,1.3672659337474846,0.48288549212833143,2.2336734027650147,2026-03-01
2026,4,Organic Video,views_per_session,1.3172299009574875,0.4107070018945727,2.2292184798203873,2026-04-01
2026,5,Organic Video,views_per_session,1.2688079337413611,0.440921351045335,2.126949684210796,2026-05-01
2026,6,Organic Video,views_per_session,1.218771900951364,0.39179963093737546,2.076471403545193,2026-06-01
2026,7,Organic Video,views_per_session,1.1703499337352377,0.23173339902995632,2.10922338454016,2026-07-01
2026,8,Organic Video,views_per_session,1.1203139009452405,0.2944063147948765,2.0156575016232647,2026-08-01
2026,9,Organic Video,views_per_session,1.0702778681552434,0.10095755253540847,1.97585580465888,2026-09-01
2026,10,Organic Video,views_per_session,1.0218559009391168,0.212372550792541,1.8508944405186403,2026-10-01
2026,11,Organic Video,views_per_session,0.9718198681491199,0.058044772236707905,1.8238266866019528,2026-11-01
2026,1,QR Code,avg_session_duration,-891.1817599878709,-891.1817929611444,-891.1817255259017,2026-01-01
2026,2,QR Code,avg_session_duration,-1437.6420735241566,-1437.6421318695138,-1437.6420125570028,2026-02-01
2026,3,QR Code,avg_session_duration,-1931.2191309117695,-1931.2192215918326,-1931.2190380746963,2026-03-01
2026,4,QR Code,avg_session_duration,-2477.679444448055,-2477.67957000832,-2477.6793139443084,2026-04-01
2026,5,QR Code,avg_session_duration,-3006.5120059347832,-3006.5121735000585,-3006.5118412545307,2026-05-01
2026,6,QR Code,avg_session_duration,-3552.972319471069,-3552.9725370919004,-3552.972114034235,2026-06-01
2026,7,QR Code,avg_session_duration,-4081.804880957797,-4081.805147257287,-4081.8046395466213,2026-07-01
2026,8,QR Code,avg_session_duration,-4628.265194494083,-4628.265518714415,-4628.264911894503,2026-08-01
2026,9,QR Code,avg_session_duration,-5174.7255080303685,-5174.725896041022,-5174.725178573225,2026-09-01
2026,10,QR Code,avg_session_duration,-5703.558069517097,-5703.5585094542275,-5703.557689269697,2026-10-01
2026,11,QR Code,avg_session_duration,-6250.018383053382,-6250.018877150487,-6250.0179479909075,2026-11-01
2026,1,QR Code,bounce_rate,85.22785419355556,85.22785146432136,85.22785655545132,2026-01-01
2026,2,QR Code,bounce_rate,100.30721911505556,100.30721403116637,100.30722360335271,2026-02-01
2026,3,QR Code,bounce_rate,113.92729065705558,113.92728289347654,113.92729787384398,2026-03-01
2026,4,QR Code,bounce_rate,129.00665557855558,129.00664537744572,129.00666531937907,2026-04-01
2026,5,QR Code,bounce_rate,143.59958937355557,143.59957626446175,143.59960205746214,2026-05-01
2026,6,QR Code,bounce_rate,158.6789542950556,158.67893839311398,158.67897051522715,2026-06-01
2026,7,QR Code,bounce_rate,173.2718880900556,173.27186880974122,173.27190777990012,2026-07-01
2026,8,QR Code,bounce_rate,188.3512530115556,188.351230077845,188.35127652294415,2026-08-01
2026,9,QR Code,bounce_rate,203.4306179330556,203.43059099905196,203.43064572668246,2026-09-01
2026,10,QR Code,bounce_rate,218.02355172805557,218.02352134895,218.02358352105514,2026-10-01
2026,11,QR Code,bounce_rate,233.10291664955557,233.10288188286444,233.10295239331916,2026-11-01
2026,1,QR Code,sessions,-55.935483351909674,-55.93548538911152,-55.9354814565295,2026-01-01
2026,2,QR Code,sessions,-88.93548317700969,-88.9354868535986,-88.93547978932709,2026-02-01
2026,3,QR Code,sessions,-118.7419346319387,-118.741940274261,-118.74192948721411,2026-03-01
2026,4,QR Code,sessions,-151.74193445703872,-151.7419423634808,-151.74192743545393,2026-04-01
2026,5,QR Code,sessions,-183.6774181587484,-183.67742843410147,-183.67740872285924,2026-05-01
2026,6,QR Code,sessions,-216.6774179838484,-216.6774303648168,-216.6774064662667,2026-06-01
2026,7,QR Code,sessions,-248.61290168555806,-248.61291686260827,-248.6128879466489,2026-07-01
2026,8,QR Code,sessions,-281.6129015106581,-281.6129195770717,-281.6128845087865,2026-08-01
2026,9,QR Code,sessions,-314.612901335758,-314.61292240368175,-314.6128818868087,2026-09-01
2026,10,QR Code,sessions,-346.5483850374677,-346.54840912254826,-346.54836266096044,2026-10-01
2026,11,QR Code,sessions,-379.54838486256773,-379.548412116339,-379.54835975076446,2026-11-01
2026,1,QR Code,views_per_session,-3.8742959868176547,-3.874296137112955,-3.874295840183852,2026-01-01
2026,2,QR Code,views_per_session,-6.294930918193582,-6.294931198769473,-6.294930660746806,2026-02-01
2026,3,QR Code,views_per_session,-8.48131085621055,-8.481311290969671,-8.48131045434643,2026-03-01
2026,4,QR Code,views_per_session,-10.901945787586477,-10.901946395363405,-10.901945224149665,2026-04-01
2026,5,QR Code,views_per_session,-13.244495721176085,-13.244496506502767,-13.244494986755855,2026-05-01
2026,6,QR Code,views_per_session,-15.665130652552014,-15.665131666194505,-15.665129722401993,2026-06-01
2026,7,QR Code,views_per_session,-18.00768058614162,-18.00768180870689,-18.007679452000108,2026-07-01
2026,8,QR Code,views_per_session,-20.42831551751755,-20.42831698961192,-20.428314170770143,2026-08-01
2026,9,QR Code,views_per_session,-22.84895044889348,-22.848952216981825,-22.848948883217744,2026-09-01
2026,10,QR Code,views_per_session,-25.191500382483085,-25.19150244634146,-25.191498630519558,2026-10-01
2026,11,QR Code,views_per_session,-27.61213531385901,-27.612137707092334,-27.612133321304345,2026-11-01
2026,1,Referral,avg_session_duration,438.7348398822347,361.7773160710398,520.4173602414517,2026-01-01
2026,2,Referral,avg_session_duration,453.6353188209086,380.2346536118668,531.8632166842873,2026-02-01
2026,3,Referral,avg_session_duration,467.09381592680745,381.89320020974174,554.7436485122633,2026-03-01
2026,4,Referral,avg_session_duration,481.9942948654812,400.4977868130131,558.8438316771566,2026-04-01
2026,5,Referral,avg_session_duration,496.41411319323015,416.1860726421371,573.4249611608766,2026-05-01
2026,6,Referral,avg_session_duration,511.3145921319039,427.7419852627195,595.4709066680878,2026-06-01
2026,7,Referral,avg_session_duration,525.7344104596527,449.1502159254351,611.0289930606804,2026-07-01
2026,8,Referral,avg_session_duration,540.6348893983265,457.92054998902955,627.9939371155832,2026-08-01
2026,9,Referral,avg_session_duration,555.5353683370002,476.01879186888215,631.7955695483963,2026-09-01
2026,10,Referral,avg_session_duration,569.9551866647491,490.8670337230883,654.4028482893119,2026-10-01
2026,11,Referral,avg_session_duration,584.8556656034228,503.0007245926553,669.552541186419,2026-11-01
2026,1,Referral,bounce_rate,29.78202358928073,19.21532188201791,40.07123621937992,2026-01-01
2026,2,Referral,bounce_rate,31.191333958847363,20.531263995827867,42.47721737310497,2026-02-01
2026,3,Referral,bounce_rate,32.4642594539398,21.29863881850339,43.39277000033343,2026-03-01
2026,4,Referral,bounce_rate,33.873569823506436,21.874065496578385,44.769220530088994,2026-04-01
2026,5,Referral,bounce_rate,35.23741856824834,23.323035566385013,46.4317858974798,2026-05-01
2026,6,Referral,bounce_rate,36.64672893781497,26.08315716510096,46.927047377244016,2026-06-01
2026,7,Referral,bounce_rate,38.01057768255687,27.451938726998577,48.03325382381451,2026-07-01
2026,8,Referral,bounce_rate,39.41988805212351,29.35250376497467,49.98512406493164,2026-08-01
2026,9,Referral,bounce_rate,40.829198421690144,30.181153944762173,52.17591067352783,2026-09-01
2026,10,Referral,bounce_rate,42.19304716643205,30.9845069692858,53.11493789909328,2026-10-01
2026,11,Referral,bounce_rate,43.60235753599868,32.89165971584927,54.77762887064261,2026-11-01
2026,1,Referral,sessions,1282.8262639543334,-110.29847696619483,2587.852748004372,2026-01-01
2026,2,Referral,sessions,923.8435501267812,-417.5158106177137,2242.4504324605746,2026-02-01
2026,3,Referral,sessions,599.6010989277027,-747.8537541907818,1860.2395392382557,2026-03-01
2026,4,Referral,sessions,240.6183851001506,-1127.738590464153,1621.6948236353633,2026-04-01
2026,5,Referral,sessions,-106.78424118457745,-1458.6705348427429,1213.9737661538463,2026-05-01
2026,6,Referral,sessions,-465.76695501212953,-1811.9355197680231,873.6274668049501,2026-06-01
2026,7,Referral,sessions,-813.1695812968569,-2162.7140461758245,571.4128365497143,2026-07-01
2026,8,Referral,sessions,-1172.1522951244096,-2521.5477119595844,82.21853844167792,2026-08-01
2026,9,Referral,sessions,-1531.135008951961,-2770.376446424762,-194.38693747033332,2026-09-01
2026,10,Referral,sessions,-1878.537635236689,-3233.456283964649,-515.3794180931357,2026-10-01
2026,11,Referral,sessions,-2237.5203490642402,-3751.125892204748,-940.0515363402208,2026-11-01
2026,1,Referral,views_per_session,2.3651472974372956,2.0017958488383583,2.7214664135425712,2026-01-01
2026,2,Referral,views_per_session,2.361854501097926,1.9818511822993008,2.7093442398080474,2026-02-01
2026,3,Referral,views_per_session,2.3588803624688186,2.000959679998463,2.715426354576061,2026-03-01
2026,4,Referral,views_per_session,2.3555875661294494,2.006613584861328,2.7004369807125697,2026-04-01
2026,5,Referral,views_per_session,2.352400989026834,1.983730871217898,2.6998976224310334,2026-05-01
2026,6,Referral,views_per_session,2.349108192687465,1.979092158957434,2.712734115912823,2026-06-01
2026,7,Referral,views_per_session,2.3459216155848495,2.0037989390115345,2.676730320566293,2026-07-01
2026,8,Referral,views_per_session,2.3426288192454803,2.017156744426316,2.711969293707327,2026-08-01
2026,9,Referral,views_per_session,2.339336022906111,2.001781182595984,2.6938708625956145,2026-09-01
2026,10,Referral,views_per_session,2.3361494458034957,1.9922606155797942,2.6824857533882756,2026-10-01
2026,11,Referral,views_per_session,2.3328566494641265,1.9911146177063332,2.682689548047725,2026-11-01
